{
  "IcoMoonType": "selection",
  "icons": [
    {
      "icon": {
        "paths": [
          "M0 1024c128-384 463-1024 1024-1024-263 211-384 704-576 704s-192 0-192 0l-192 320h-64z"
        ],
        "tags": [
          "quill",
          "feather",
          "write",
          "edit"
        ],
        "defaultCode": 59655,
        "grid": 16,
        "attrs": []
      },
      "attrs": [],
      "properties": {
        "ligatures": "quill, feather",
        "name": "quill",
        "order": 5,
        "id": 8,
        "prevSize": 32,
        "code": 59655
      },
      "setIdx": 0,
      "setId": 1,
      "iconIdx": 7
    },
    {
      "icon": {
        "paths": [
          "M320 192c0-106.039 85.961-192 192-192s192 85.961 192 192c0 106.039-85.961 192-192 192s-192-85.961-192-192zM768.078 448h-35.424l-199.104 404.244 74.45-372.244-96-96-96 96 74.45 372.244-199.102-404.244h-35.424c-127.924 0-127.924 85.986-127.924 192v320h768v-320c0-106.014 0-192-127.922-192z"
        ],
        "tags": [
          "user-tie",
          "user",
          "user-employee",
          "profile",
          "avatar",
          "person",
          "member",
          "job",
          "official"
        ],
        "defaultCode": 59766,
        "grid": 16,
        "attrs": []
      },
      "attrs": [],
      "properties": {
        "ligatures": "user-tie, user5",
        "name": "user-tie",
        "order": 3,
        "id": 119,
        "prevSize": 32,
        "code": 59766
      },
      "setIdx": 0,
      "setId": 1,
      "iconIdx": 118
    },
    {
      "icon": {
        "paths": [
          "M1002.934 817.876l-460.552-394.76c21.448-40.298 33.618-86.282 33.618-135.116 0-159.058-128.942-288-288-288-29.094 0-57.172 4.332-83.646 12.354l166.39 166.39c24.89 24.89 24.89 65.62 0 90.51l-101.49 101.49c-24.89 24.89-65.62 24.89-90.51 0l-166.39-166.39c-8.022 26.474-12.354 54.552-12.354 83.646 0 159.058 128.942 288 288 288 48.834 0 94.818-12.17 135.116-33.62l394.76 460.552c22.908 26.724 62.016 28.226 86.904 3.338l101.492-101.492c24.888-24.888 23.386-63.994-3.338-86.902z"
        ],
        "tags": [
          "wrench",
          "tool",
          "fix",
          "settings",
          "control",
          "options",
          "preferences"
        ],
        "defaultCode": 59793,
        "grid": 16,
        "attrs": []
      },
      "attrs": [],
      "properties": {
        "ligatures": "wrench, tool",
        "name": "wrench",
        "order": 4,
        "id": 146,
        "prevSize": 32,
        "code": 59793
      },
      "setIdx": 0,
      "setId": 1,
      "iconIdx": 145
    },
    {
      "icon": {
        "paths": [
          "M640 146.588v135.958c36.206 15.804 69.5 38.408 98.274 67.18 60.442 60.44 93.726 140.8 93.726 226.274s-33.286 165.834-93.726 226.274c-60.44 60.44-140.798 93.726-226.274 93.726s-165.834-33.286-226.274-93.726c-60.44-60.44-93.726-140.8-93.726-226.274s33.286-165.834 93.726-226.274c28.774-28.774 62.068-51.378 98.274-67.182v-135.956c-185.048 55.080-320 226.472-320 429.412 0 247.424 200.578 448 448 448 247.424 0 448-200.576 448-448 0-202.94-134.95-374.332-320-429.412zM448 0h128v512h-128z"
        ],
        "tags": [
          "switch"
        ],
        "defaultCode": 59830,
        "grid": 16,
        "attrs": []
      },
      "attrs": [],
      "properties": {
        "ligatures": "switch",
        "name": "switch",
        "order": 2,
        "id": 183,
        "prevSize": 32,
        "code": 59830
      },
      "setIdx": 0,
      "setId": 1,
      "iconIdx": 182
    }
  ],
  "height": 1024,
  "metadata": {
    "name": "ico-yc"
  },
  "preferences": {
    "showGlyphs": true,
    "showQuickUse": true,
    "showQuickUse2": true,
    "showSVGs": true,
    "fontPref": {
      "prefix": "icon-",
      "metadata": {
        "fontFamily": "ico-yc",
        "majorVersion": 1,
        "minorVersion": 0
      },
      "metrics": {
        "emSize": 1024,
        "baseline": 6.25,
        "whitespace": 50
      },
      "embed": false,
      "showSelector": false,
      "showMetrics": false,
      "noie8": false,
      "ie7": false
    },
    "imagePref": {
      "prefix": "icon-",
      "png": true,
      "useClassSelector": true,
      "color": 0,
      "bgColor": 16777215,
      "classSelector": ".icon"
    },
    "historySize": 50,
    "showCodes": true,
    "gridSize": 16
  }
}